node,node_type,locus,community
Acute Disseminated Encephalomyelitis,Disease,,5
Autoimmune Encephalitis,Disease,,2
Chronic Inflammatory Demyelinating Polyneuropathy,Disease,,7
Guillain-Barre Syndrome,Disease,,2
HLA-8.1,HLAAllele,,6
HLA-A,HLAAllele,A,0
HLA-A*02,HLAAllele,A,0
HLA-A*02:01,HLAAllele,A,2
HLA-A*02:36,HLAAllele,A,6
HLA-A*03,HLAAllele,A,0
HLA-A*03:01,HLAAllele,A,0
HLA-A*11,HLAAllele,A,0
HLA-A*11:01,HLAAllele,A,0
HLA-A*24:02,HLAAllele,A,0
HLA-A*25:01,HLAAllele,A,6
HLA-A*30:01,HLAAllele,A,0
HLA-A*68:01,HLAAllele,A,7
HLA-A*68:02,HLAAllele,A,0
HLA-B*07:02,HLAAllele,B,1
HLA-B*08,HLAAllele,B,6
HLA-B*08:01,HLAAllele,B,6
HLA-B*08:01:01:01,HLAAllele,B,6
HLA-B*08:01:02,HLAAllele,B,6
HLA-B*15:01,HLAAllele,B,0
HLA-B*16,HLAAllele,B,0
HLA-B*27:05,HLAAllele,B,2
HLA-B*27:05:02,HLAAllele,B,0
HLA-B*35:03:01:03,HLAAllele,B,0
HLA-B*35:08:01,HLAAllele,B,35
HLA-B*37:01,HLAAllele,B,0
HLA-B*38:01,HLAAllele,B,0
HLA-B*39:01,HLAAllele,B,0
HLA-B*40,HLAAllele,B,6
HLA-B*44,HLAAllele,B,28
HLA-B*44:02,HLAAllele,B,0
HLA-B*47,HLAAllele,B,6
HLA-B*47:27,HLAAllele,B,6
HLA-B*50,HLAAllele,B,6
HLA-B*52,HLAAllele,B,0
HLA-B*52:01,HLAAllele,B,6
HLA-B*53:01,HLAAllele,B,18
HLA-B*55:01,HLAAllele,B,0
HLA-B*57:01,HLAAllele,B,33
HLA-B*57:02,HLAAllele,B,6
HLA-B*73,HLAAllele,B,6
HLA-B*null,HLAAllele,B,0
HLA-Bw4,HLAAllele,Bw,27
HLA-C*01:01,HLAAllele,C,0
HLA-C*01:02,HLAAllele,C,2
HLA-C*02:01,HLAAllele,C,0
HLA-C*02:02,HLAAllele,C,0
HLA-C*03:03,HLAAllele,C,0
HLA-C*03:04,HLAAllele,C,0
HLA-C*04:01:01:14,HLAAllele,C,0
HLA-C*05:01,HLAAllele,C,6
HLA-C*07:01,HLAAllele,C,1
HLA-C*07:02,HLAAllele,C,0
HLA-C*08,HLAAllele,C,0
HLA-C1_3_2*354,HLAAllele,C,0
HLA-CD33*null,HLAAllele,CD,1
HLA-Cw*05:01,HLAAllele,Cw,0
HLA-DLA-DQB1*00301,HLAAllele,DLA-DQB,6
HLA-DOB,HLAAllele,DOB,21
HLA-DPA1*02:01,HLAAllele,DPA,0
HLA-DPB1,HLAAllele,DPB,22
HLA-DPB1*02,HLAAllele,DPB,29
HLA-DPB1*02:01,HLAAllele,DPB,10
HLA-DPB1*03:01,HLAAllele,DPB,2
HLA-DPB1*04,HLAAllele,DPB,26
HLA-DPB1*04:01,HLAAllele,DPB,0
HLA-DPB1*05:01,HLAAllele,DPB,1
HLA-DPB1*09:01:01,HLAAllele,DPB,0
HLA-DPB1*104:01,HLAAllele,DPB,0
HLA-DQA1,HLAAllele,DQA,0
HLA-DQA1*01:01,HLAAllele,DQA,11
HLA-DQA1*01:02,HLAAllele,DQA,0
HLA-DQA1*01:03,HLAAllele,DQA,6
HLA-DQA1*02:01,HLAAllele,DQA,1
HLA-DQA1*03:02,HLAAllele,DQA,6
HLA-DQA1*03:03,HLAAllele,DQA,0
HLA-DQA1*04:01,HLAAllele,DQA,6
HLA-DQA1*05,HLAAllele,DQA,0
HLA-DQA1*05:01,HLAAllele,DQA,1
HLA-DQA1*05:01:01:02,HLAAllele,DQA,6
HLA-DQA1*05:05:01:02,HLAAllele,DQA,0
HLA-DQA1*null,HLAAllele,DQA,6
HLA-DQB1*02,HLAAllele,DQB,31
HLA-DQB1*02:01,HLAAllele,DQB,1
HLA-DQB1*02:02,HLAAllele,DQB,1
HLA-DQB1*03,HLAAllele,DQB,0
HLA-DQB1*03:01,HLAAllele,DQB,0
HLA-DQB1*03:02,HLAAllele,DQB,1
HLA-DQB1*03:03,HLAAllele,DQB,2
HLA-DQB1*03:03:02,HLAAllele,DQB,6
HLA-DQB1*03:19,HLAAllele,DQB,16
HLA-DQB1*04:01,HLAAllele,DQB,1
HLA-DQB1*04:02,HLAAllele,DQB,1
HLA-DQB1*05:01,HLAAllele,DQB,6
HLA-DQB1*05:02,HLAAllele,DQB,6
HLA-DQB1*06,HLAAllele,DQB,0
HLA-DQB1*060x,HLAAllele,DQB,2
HLA-DQB1*06:01,HLAAllele,DQB,6
HLA-DQB1*06:02,HLAAllele,DQB,0
HLA-DQB1*06:03,HLAAllele,DQB,0
HLA-DQB1*06:03:02,HLAAllele,DQB,6
HLA-DQB1*06:04,HLAAllele,DQB,6
HLA-DQB2,HLAAllele,DQB,0
HLA-DR1,HLAAllele,DR,3
HLA-DR2,HLAAllele,DR,0
HLA-DR3,HLAAllele,DR,0
HLA-DR6,HLAAllele,DR,0
HLA-DRA,HLAAllele,DRA,0
HLA-DRA*01:01,HLAAllele,DRA,0
HLA-DRA*01:02,HLAAllele,DRA,0
HLA-DRB1,HLAAllele,DRB,14
HLA-DRB1 amino acid position 11 (Leucine),HLAAllele,DRB,1
HLA-DRB1 amino acid position 11 (Serine),HLAAllele,DRB,1
HLA-DRB1 amino acid position 11 (Valine),HLAAllele,DRB,1
HLA-DRB1*01,HLAAllele,DRB,0
HLA-DRB1*01:01,HLAAllele,DRB,2
HLA-DRB1*01:01:01,HLAAllele,DRB,0
HLA-DRB1*01:02,HLAAllele,DRB,0
HLA-DRB1*01:03,HLAAllele,DRB,0
HLA-DRB1*03,HLAAllele,DRB,1
HLA-DRB1*03:01,HLAAllele,DRB,2
HLA-DRB1*03:01:01:01,HLAAllele,DRB,0
HLA-DRB1*04,HLAAllele,DRB,4
HLA-DRB1*04:01,HLAAllele,DRB,7
HLA-DRB1*04:01:01:01SG,HLAAllele,DRB,0
HLA-DRB1*04:02,HLAAllele,DRB,2
HLA-DRB1*04:03,HLAAllele,DRB,6
HLA-DRB1*04:04,HLAAllele,DRB,0
HLA-DRB1*04:05,HLAAllele,DRB,0
HLA-DRB1*04:08,HLAAllele,DRB,0
HLA-DRB1*04:XX,HLAAllele,DRB,0
HLA-DRB1*07,HLAAllele,DRB,0
HLA-DRB1*07:01,HLAAllele,DRB,2
HLA-DRB1*07:XX,HLAAllele,DRB,19
HLA-DRB1*08,HLAAllele,DRB,0
HLA-DRB1*08:01,HLAAllele,DRB,0
HLA-DRB1*08:02,HLAAllele,DRB,1
HLA-DRB1*08:03,HLAAllele,DRB,32
HLA-DRB1*09,HLAAllele,DRB,0
HLA-DRB1*09:01,HLAAllele,DRB,6
HLA-DRB1*09:XX,HLAAllele,DRB,24
HLA-DRB1*10,HLAAllele,DRB,8
HLA-DRB1*10:01,HLAAllele,DRB,1
HLA-DRB1*11,HLAAllele,DRB,0
HLA-DRB1*11:01,HLAAllele,DRB,6
HLA-DRB1*11:04,HLAAllele,DRB,13
HLA-DRB1*12,HLAAllele,DRB,0
HLA-DRB1*12:01,HLAAllele,DRB,12
HLA-DRB1*13,HLAAllele,DRB,6
HLA-DRB1*13:01,HLAAllele,DRB,2
HLA-DRB1*13:01:01:01SG,HLAAllele,DRB,6
HLA-DRB1*13:01:02,HLAAllele,DRB,6
HLA-DRB1*13:02,HLAAllele,DRB,2
HLA-DRB1*13:03,HLAAllele,DRB,0
HLA-DRB1*13:04,HLAAllele,DRB,15
HLA-DRB1*13:XX,HLAAllele,DRB,0
HLA-DRB1*14,HLAAllele,DRB,0
HLA-DRB1*14:01,HLAAllele,DRB,2
HLA-DRB1*14:04:01,HLAAllele,DRB,0
HLA-DRB1*14:06,HLAAllele,DRB,1
HLA-DRB1*14:54,HLAAllele,DRB,6
HLA-DRB1*15,HLAAllele,DRB,7
HLA-DRB1*15:01,HLAAllele,DRB,7
HLA-DRB1*15:01:01:01,HLAAllele,DRB,0
HLA-DRB1*15:01:01:01SG,HLAAllele,DRB,0
HLA-DRB1*15:01:01:26,HLAAllele,DRB,0
HLA-DRB1*15:02,HLAAllele,DRB,7
HLA-DRB1*15:03,HLAAllele,DRB,0
HLA-DRB1*15:XX,HLAAllele,DRB,0
HLA-DRB1*16,HLAAllele,DRB,6
HLA-DRB1*16:01,HLAAllele,DRB,0
HLA-DRB1*16:02,HLAAllele,DRB,2
HLA-DRB1*17,HLAAllele,DRB,9
HLA-DRB1*17:01,HLAAllele,DRB,0
HLA-DRB1*null,HLAAllele,DRB,0
HLA-DRB3*02:02,HLAAllele,DRB,25
HLA-DRB3*02:02:01:02,HLAAllele,DRB,0
HLA-DRB3*03:01,HLAAllele,DRB,2
HLA-DRB4*01:01,HLAAllele,DRB,36
HLA-DRB5*01:01,HLAAllele,DRB,0
HLA-DRB5*01:01:01,HLAAllele,DRB,0
HLA-DRB5*01:01:01v1_STR1,HLAAllele,DRB,0
HLA-DRB6*01:01,HLAAllele,DRB,30
HLA-E,HLAAllele,E,0
HLA-E*01:01,HLAAllele,E,0
HLA-E*01:03,HLAAllele,E,17
HLA-IA*,HLAAllele,IA,37
HLA-LMP2 60HH,HLAAllele,LMP,0
HLA-MICB*004,HLAAllele,MICB,0
HLA-MOG-142L,HLAAllele,MOG-,0
HLA-SNP-string (a2),HLAAllele,SNP-string (a,0
HLA-TNFa*107,HLAAllele,TNFa,0
MOG Antibody Disease,Disease,,7
Multiple Sclerosis,Disease,,0
Myasthenia Gravis,Disease,,6
Neuromyelitis Optica Spectrum Disorder,Disease,,1
Optic Neuritis,Disease,,35
Transverse Myelitis,Disease,,34
bv3s1*1,HLAAllele,bv,20
bv8s1*2,HLAAllele,bv,23
null,HLAAllele,null,0
rs2227956,HLAAllele,rs,0
rs9267649,HLAAllele,rs,0
